{
    "loss": 0.09394615888595581,
    "accuracy": 0.9803921580314636
}