{
    "loss": 0.344534695148468,
    "accuracy": 0.9428571462631226
}